Workbook

Sheet Summary
D1: ISO 9001 Gap Analysis — Summary
D2: Quality Management System · Data as at 28 Sep 2026
B5: Compliance overview
D6: Requirements | E6: Fully conforming | F6: Partially conforming | G6: Not conforming | H6: To be updated | I6: Overall conformance
B7: Counts update automatically from the ISO 9001 Register tab. | D7: =COUNTA('ISO 9001 Register'!$C$6:$C$110) -> 98 | E7: =COUNTIF('ISO 9001 Register'!$F$6:$F$110,"Fully conforming") -> 3 | F7: =COUNTIF('ISO 9001 Register'!$F$6:$F$110,"Partially conforming") -> 20 | G7: =COUNTIF('ISO 9001 Register'!$F$6:$F$110,"Not conforming") -> 39 | H7: =COUNTIF('ISO 9001 Register'!$F$6:$F$110,"To be updated") -> 36 | I7: =IF($D$7=0,0,E7/$D$7) -> 0.030612245
D8: clause requirements | E8: =IF($D$7=0,0,E7/$D$7) -> 0.030612245 | F8: =IF($D$7=0,0,F7/$D$7) -> 0.20408163 | G8: =IF($D$7=0,0,G7/$D$7) -> 0.39795918 | H8: =IF($D$7=0,0,H7/$D$7) -> 0.36734694 | I8: fully conforming
B10: Status by clause section
B11: Clause | C11: Section | D11: Requirements | E11: Fully conforming | F11: Partially conforming | G11: Not conforming | H11: To be updated | I11: % Fully conforming
B12: 4 | C12: Context of the organization | D12: =COUNTIFS('ISO 9001 Register'!$A$6:$A$110,B12&".*") -> 10 | E12: =COUNTIFS('ISO 9001 Register'!$A$6:$A$110,$B12&".*",'ISO 9001 Register'!$F$6:$F$110,E$11) -> 0 | F12: =COUNTIFS('ISO 9001 Register'!$A$6:$A$110,$B12&".*",'ISO 9001 Register'!$F$6:$F$110,F$11) -> 1 | G12: =COUNTIFS('ISO 9001 Register'!$A$6:$A$110,$B12&".*",'ISO 9001 Register'!$F$6:$F$110,G$11) -> 9 | H12: =COUNTIFS('ISO 9001 Register'!$A$6:$A$110,$B12&".*",'ISO 9001 Register'!$F$6:$F$110,H$11) -> 0 | I12: =IF(D12=0,0,E12/D12) -> 0
B13: 5 | C13: Leadership | D13: =COUNTIFS('ISO 9001 Register'!$A$6:$A$110,B13&".*") -> 7 | E13: =COUNTIFS('ISO 9001 Register'!$A$6:$A$110,$B13&".*",'ISO 9001 Register'!$F$6:$F$110,E$11) -> 0 | F13: =COUNTIFS('ISO 9001 Register'!$A$6:$A$110,$B13&".*",'ISO 9001 Register'!$F$6:$F$110,F$11) -> 4 | G13: =COUNTIFS('ISO 9001 Register'!$A$6:$A$110,$B13&".*",'ISO 9001 Register'!$F$6:$F$110,G$11) -> 3 | H13: =COUNTIFS('ISO 9001 Register'!$A$6:$A$110,$B13&".*",'ISO 9001 Register'!$F$6:$F$110,H$11) -> 0 | I13: =IF(D13=0,0,E13/D13) -> 0
B14: 6 | C14: Planning | D14: =COUNTIFS('ISO 9001 Register'!$A$6:$A$110,B14&".*") -> 6 | E14: =COUNTIFS('ISO 9001 Register'!$A$6:$A$110,$B14&".*",'ISO 9001 Register'!$F$6:$F$110,E$11) -> 0 | F14: =COUNTIFS('ISO 9001 Register'!$A$6:$A$110,$B14&".*",'ISO 9001 Register'!$F$6:$F$110,F$11) -> 2 | G14: =COUNTIFS('ISO 9001 Register'!$A$6:$A$110,$B14&".*",'ISO 9001 Register'!$F$6:$F$110,G$11) -> 4 | H14: =COUNTIFS('ISO 9001 Register'!$A$6:$A$110,$B14&".*",'ISO 9001 Register'!$F$6:$F$110,H$11) -> 0 | I14: =IF(D14=0,0,E14/D14) -> 0
B15: 7 | C15: Support | D15: =COUNTIFS('ISO 9001 Register'!$A$6:$A$110,B15&".*") -> 17 | E15: =COUNTIFS('ISO 9001 Register'!$A$6:$A$110,$B15&".*",'ISO 9001 Register'!$F$6:$F$110,E$11) -> 3 | F15: =COUNTIFS('ISO 9001 Register'!$A$6:$A$110,$B15&".*",'ISO 9001 Register'!$F$6:$F$110,F$11) -> 8 | G15: =COUNTIFS('ISO 9001 Register'!$A$6:$A$110,$B15&".*",'ISO 9001 Register'!$F$6:$F$110,G$11) -> 6 | H15: =COUNTIFS('ISO 9001 Register'!$A$6:$A$110,$B15&".*",'ISO 9001 Register'!$F$6:$F$110,H$11) -> 0 | I15: =IF(D15=0,0,E15/D15) -> 0.17647059
B16: 8 | C16: Operation | D16: =COUNTIFS('ISO 9001 Register'!$A$6:$A$110,B16&".*") -> 36 | E16: =COUNTIFS('ISO 9001 Register'!$A$6:$A$110,$B16&".*",'ISO 9001 Register'!$F$6:$F$110,E$11) -> 0 | F16: =COUNTIFS('ISO 9001 Register'!$A$6:$A$110,$B16&".*",'ISO 9001 Register'!$F$6:$F$110,F$11) -> 0 | G16: =COUNTIFS('ISO 9001 Register'!$A$6:$A$110,$B16&".*",'ISO 9001 Register'!$F$6:$F$110,G$11) -> 0 | H16: =COUNTIFS('ISO 9001 Register'!$A$6:$A$110,$B16&".*",'ISO 9001 Register'!$F$6:$F$110,H$11) -> 36 | I16: =IF(D16=0,0,E16/D16) -> 0
B17: 9 | C17: Performance evaluation | D17: =COUNTIFS('ISO 9001 Register'!$A$6:$A$110,B17&".*") -> 15 | E17: =COUNTIFS('ISO 9001 Register'!$A$6:$A$110,$B17&".*",'ISO 9001 Register'!$F$6:$F$110,E$11) -> 0 | F17: =COUNTIFS('ISO 9001 Register'!$A$6:$A$110,$B17&".*",'ISO 9001 Register'!$F$6:$F$110,F$11) -> 0 | G17: =COUNTIFS('ISO 9001 Register'!$A$6:$A$110,$B17&".*",'ISO 9001 Register'!$F$6:$F$110,G$11) -> 15 | H17: =COUNTIFS('ISO 9001 Register'!$A$6:$A$110,$B17&".*",'ISO 9001 Register'!$F$6:$F$110,H$11) -> 0 | I17: =IF(D17=0,0,E17/D17) -> 0
B18: 10 | C18: Improvement | D18: =COUNTIFS('ISO 9001 Register'!$A$6:$A$110,B18&".*") -> 7 | E18: =COUNTIFS('ISO 9001 Register'!$A$6:$A$110,$B18&".*",'ISO 9001 Register'!$F$6:$F$110,E$11) -> 0 | F18: =COUNTIFS('ISO 9001 Register'!$A$6:$A$110,$B18&".*",'ISO 9001 Register'!$F$6:$F$110,F$11) -> 5 | G18: =COUNTIFS('ISO 9001 Register'!$A$6:$A$110,$B18&".*",'ISO 9001 Register'!$F$6:$F$110,G$11) -> 2 | H18: =COUNTIFS('ISO 9001 Register'!$A$6:$A$110,$B18&".*",'ISO 9001 Register'!$F$6:$F$110,H$11) -> 0 | I18: =IF(D18=0,0,E18/D18) -> 0
C19: Total | D19: =SUM(D12:D18) -> 98 | E19: =SUM(E12:E18) -> 3 | F19: =SUM(F12:F18) -> 20 | G19: =SUM(G12:G18) -> 39 | H19: =SUM(H12:H18) -> 36 | I19: =IF(D19=0,0,E19/D19) -> 0.030612245
B21: Action progress
B22: Work status | D22: Requirements | E22: Share | G22: Priority | H22: Requirements | I22: Share
B23: Not started | D23: =COUNTIF('ISO 9001 Register'!$H$6:$H$110,B23) -> 97 | E23: =IF($D$7=0,0,D23/$D$7) -> 0.98979592 | G23: High | H23: =COUNTIFS('ISO 9001 Register'!$I$6:$I$110,G23,'ISO 9001 Register'!$C$6:$C$110,"<>") -> 1 | I23: =IF($D$7=0,0,H23/$D$7) -> 0.010204082
B24: Planned | D24: =COUNTIF('ISO 9001 Register'!$H$6:$H$110,B24) -> 1 | E24: =IF($D$7=0,0,D24/$D$7) -> 0.010204082 | G24: Medium | H24: =COUNTIFS('ISO 9001 Register'!$I$6:$I$110,G24,'ISO 9001 Register'!$C$6:$C$110,"<>") -> 0 | I24: =IF($D$7=0,0,H24/$D$7) -> 0
B25: In progress | D25: =COUNTIF('ISO 9001 Register'!$H$6:$H$110,B25) -> 0 | E25: =IF($D$7=0,0,D25/$D$7) -> 0 | G25: Low | H25: =COUNTIFS('ISO 9001 Register'!$I$6:$I$110,G25,'ISO 9001 Register'!$C$6:$C$110,"<>") -> 0 | I25: =IF($D$7=0,0,H25/$D$7) -> 0
B26: Complete | D26: =COUNTIF('ISO 9001 Register'!$H$6:$H$110,B26) -> 0 | E26: =IF($D$7=0,0,D26/$D$7) -> 0 | G26: Not set | H26: =$D$7-SUM(H23:H25) -> 97 | I26: =IF($D$7=0,0,H26/$D$7) -> 0.98979592
B27: On hold | D27: =COUNTIF('ISO 9001 Register'!$H$6:$H$110,B27) -> 0 | E27: =IF($D$7=0,0,D27/$D$7) -> 0
B28: Average progress | D28: =IFERROR(AVERAGE('ISO 9001 Register'!$L$6:$L$110),0) -> 0

Sheet ISO 9001 Register
C1: ISO 9001 Gap Analysis & Action Register
C2: Quality Management System · Etcher Solutions | M2: Data as at 28 Sep 2026
A4: Compliance Status, Work Status and Priority have dropdowns · Owner, Due Date (dd/mm/yyyy) and Progress (%) are for the team to complete · Overdue dates turn red
A5: Clause | B5: Clause Name | C5: Requirement | D5: Current System | E5: Planned Action | F5: Compliance Status | G5: Original Status | H5: Work Status | I5: Priority | J5: Owner | K5: Due Date | L5: Progress | M5: Linked Actions
A6: 4 CONTEXT OF THE ORGANIZATION
A7: 4.1 | B7: Understanding the organization and its context | C7: Determine what factors may affect the organization's strategy and its ability to achieve intended results | F7: Partially conforming | G7: Not conforming | H7: Planned | I7: High | L7: 0

Sheet Source Data
A1: standard | B1: clause | C1: clauseName | D1: requirement | E1: currentSystem | F1: plannedAction | G1: complianceStatus | H1: originalComplianceStatus | I1: workStatus | J1: priority | K1: owner | L1: dueDate | M1: progressPercent | N1: evidenceCount | O1: notesCount | P1: subtaskCount | Q1: sharedActions | R1: sourceSheet | S1: sourceRow | T1: sourceChanged | U1: missingFromSource | V1: manual | W1: archived | X1: updatedAt
